City_ID,City,Lat,Lng,Max Temp,Humidity,Cloudiness,Wind Speed,Country,Date
0,bodaybo,57.8506,114.1933,-19.69,99,98,0.1,RU,1700582262
1,beau vallon,-20.4189,57.6953,27.13,83,75,3.09,MU,1700582263
2,jamestown,42.097,-79.2353,3.17,81,100,6.71,US,1700582263
3,bredasdorp,-34.5322,20.0403,21.44,45,25,8.74,ZA,1700582263
4,port douglas,-16.4833,145.4667,25.21,87,68,3.77,AU,1700582263
5,angaur state,6.906,134.13,28.99,78,70,5.36,PW,1700582263
6,port-aux-francais,-49.35,70.2167,2.55,62,31,11.16,TF,1700582263
7,wailua homesteads,22.0669,-159.378,21.44,90,100,6.17,US,1700582263
8,flin flon,54.7682,-101.865,-9.09,62,75,4.12,CA,1700582263
9,bangui,4.3612,18.555,25.91,85,99,1.62,CF,1700582263
10,bethel,41.3712,-73.414,3.34,59,96,0.45,US,1700582264
11,san patricio,28.017,-97.5169,17.13,58,100,8.45,US,1700582264
12,chhor,25.5167,69.7667,25.52,19,11,4.52,PK,1700582264
13,whitehorse,60.7161,-135.0538,-12.57,84,100,2.57,CA,1700582264
14,adamstown,-25.066,-130.1015,19.52,89,100,5.16,PN,1700582264
15,blackmans bay,-43.0167,147.3167,13.07,83,7,1.42,AU,1700582264
16,grytviken,-54.2811,-36.5092,1.52,99,100,0.74,GS,1700582264
17,hawaiian paradise park,19.5933,-154.9731,21.73,91,100,0.0,US,1700582264
18,port elizabeth,-33.918,25.5701,21.29,75,20,6.69,ZA,1700582014
19,buka,40.8108,69.1986,17.22,26,74,1.42,UZ,1700582265
20,edinburgh of the seven seas,-37.0676,-12.3116,13.62,78,6,16.98,SH,1700582265
21,talnakh,69.4865,88.3972,-24.89,97,100,4.55,RU,1700582265
22,olonkinbyen,70.9221,-8.7187,2.78,98,100,10.42,SJ,1700582265
23,kindu,-2.95,25.95,25.5,78,94,0.75,CD,1700582265
24,yellowknife,62.456,-114.3525,-17.71,85,20,3.09,CA,1700582265
25,longyearbyen,78.2186,15.6401,0.91,64,75,1.03,SJ,1700582265
26,hinganghat,20.5667,78.8333,22.85,46,3,1.11,IN,1700582265
27,sorong,-0.8833,131.25,26.7,86,100,1.67,ID,1700582265
28,portland,45.5234,-122.6762,8.96,78,75,6.17,US,1700581682
29,albany,42.6001,-73.9662,1.4,59,98,0.89,US,1700582266
30,khanpur,28.6453,70.6567,20.67,30,0,0.55,PK,1700582266
31,petropavlovsk-kamchatsky,53.0452,158.6483,-3.64,79,0,8.94,RU,1700582266
32,afaahiti,-17.75,-149.2833,22.93,88,99,8.67,PF,1700582266
33,sitka,57.0531,-135.33,4.19,96,100,4.73,US,1700582266
34,parun,35.4207,70.9221,1.09,49,7,3.33,AF,1700582266
35,waitangi,-43.9535,-176.5597,10.46,87,56,0.89,NZ,1700582266
36,haiku-pauwela,20.9219,-156.3051,22.25,92,34,0.45,US,1700582267
37,ghanzi,-21.5667,21.7833,36.57,17,63,4.61,BW,1700582147
38,hamilton,39.1834,-84.5333,10.55,95,100,5.36,US,1700582034
39,ushuaia,-54.8,-68.3,3.81,81,75,1.54,AR,1700581968
40,puerto natales,-51.7236,-72.4875,7.25,84,92,6.88,CL,1700582267
41,dharchula,29.85,80.5333,13.25,34,0,3.01,IN,1700582267
42,iqaluit,63.7506,-68.5145,-9.15,73,20,1.54,CA,1700582104
43,prabumulih,-3.45,104.25,25.01,91,85,1.27,ID,1700582267
44,qaqortoq,60.7167,-46.0333,-3.54,93,100,0.68,GL,1700582267
45,ilulissat,69.2167,-51.1,-6.9,95,100,0.91,GL,1700582267
46,saveh,35.0213,50.3566,11.65,40,10,9.03,IR,1700582268
47,glace bay,46.1969,-59.957,3.38,67,75,6.71,CA,1700582268
48,constantia,44.1833,28.65,9.38,70,100,2.41,RO,1700582189
49,akdepe,42.0551,59.3788,14.05,59,100,9.69,TM,1700582268
50,fauske,67.2588,15.3918,-5.59,65,52,3.49,NO,1700582268
51,okhotsk,59.3833,143.3,-13.3,73,100,4.82,RU,1700582221
52,thompson,55.7435,-97.8558,-7.91,67,100,8.23,CA,1700582268
53,invercargill,-46.4,168.35,13.34,91,100,0.45,NZ,1700582268
54,margaret river,-33.95,115.0667,17.75,63,4,7.5,AU,1700582268
55,papatowai,-46.5619,169.4708,12.32,82,100,1.55,NZ,1700582269
56,mantua,45.1667,10.7833,12.58,82,100,0.89,IT,1700582269
57,katsuura,35.1333,140.3,18.64,77,100,5.28,JP,1700582269
58,zaozersk,69.4005,32.4476,-10.09,92,96,3.51,RU,1700582269
59,cabo san lucas,22.8909,-109.9124,25.42,59,94,0.63,MX,1700582269
60,port mathurin,-19.6833,63.4167,25.5,73,32,7.34,MU,1700582269
61,hannibal,39.7084,-91.3585,5.82,81,100,5.66,US,1700582269
62,utrik,11.2278,169.8474,27.29,68,87,8.1,MH,1700582269
63,flying fish cove,-10.4217,105.6791,27.08,69,88,8.28,CX,1700582269
64,punta arenas,-53.15,-70.9167,6.73,87,97,10.29,CL,1700582122
65,camiri,-20.05,-63.5167,31.36,50,93,2.2,BO,1700582270
66,ribeira grande,38.5167,-28.7,21.22,83,20,10.28,PT,1700582207
67,hiratacho,35.4333,132.8167,7.01,75,0,2.97,JP,1700582270
68,kenora,49.8167,-94.4337,-3.46,80,100,5.14,CA,1700582270
69,truth or consequences,33.1284,-107.2528,9.39,54,0,5.45,US,1700582270
70,tiksi,71.6872,128.8694,-29.32,100,88,2.86,RU,1700582270
71,touros,-5.1989,-35.4608,30.05,59,6,7.72,BR,1700582270
72,hermanus,-34.4187,19.2345,18.7,64,11,10.26,ZA,1700582270
73,nova sintra,14.8667,-24.7167,22.81,68,100,3.8,CV,1700582270
74,puttur,12.7667,75.2167,29.06,85,16,0.35,IN,1700582270
75,sisophon,13.5859,102.9737,23.16,77,90,1.83,KH,1700582271
76,fort bragg,35.139,-79.006,15.46,81,40,2.06,US,1700582271
77,rongelap,11.1635,166.8941,27.55,62,93,8.98,MH,1700582271
78,georgetown,5.4112,100.3354,27.96,84,20,3.09,MY,1700582206
79,chernyshevsk,52.5243,117.0174,-15.89,88,76,1.86,RU,1700582271
80,coahuayana de hidalgo,18.7,-103.6583,28.64,70,100,0.97,MX,1700582271
81,alvorada,-12.48,-49.1247,30.34,49,81,2.43,BR,1700582271
82,cidreira,-30.1811,-50.2056,26.41,64,1,2.88,BR,1700582271
83,uturoa,-16.7333,-151.4333,25.82,81,32,5.64,PF,1700582271
84,udachny,66.4167,112.4,-32.17,99,93,1.93,RU,1700582271
85,ratnagiri,16.9833,73.3,26.5,67,77,3.09,IN,1700582272
86,iskateley,67.6803,53.1512,-21.87,100,93,1.65,RU,1700582272
87,salaga,8.5508,-0.5188,35.86,28,92,1.58,GH,1700582259
88,leticia,-4.2153,-69.9406,28.03,83,20,2.57,CO,1700582272
89,maralal,1.0968,36.698,16.14,87,49,1.68,KE,1700582272
90,verkhnevilyuysk,63.4453,120.3167,-27.63,96,99,2.92,RU,1700582272
91,burang,30.25,81.1667,-2.37,28,0,1.1,CN,1700582272
92,myeik,12.4333,98.6,24.73,74,76,1.88,MM,1700582272
93,carnarvon,-24.8667,113.6333,22.23,86,0,4.41,AU,1700582272
94,kingston,17.997,-76.7936,31.25,64,20,2.06,JM,1700582109
95,kone,-21.0595,164.8658,21.8,72,66,1.51,NC,1700582273
96,rio grande,-32.035,-52.0986,38.06,55,3,2.0,BR,1700582163
97,quellon,-43.1167,-73.6167,12.14,71,100,2.57,CL,1700582273
98,sola,-13.8833,167.55,25.65,70,80,9.02,VU,1700582273
99,san luis de la loma,17.2706,-100.8939,28.56,73,2,1.53,MX,1700582273
100,dabhol,17.6,73.1667,24.8,66,14,3.07,IN,1700582273
101,stornoway,58.2093,-6.3865,9.98,92,75,8.23,GB,1700582273
102,popondetta,-8.7537,148.2534,23.54,94,99,1.27,PG,1700582273
103,st. john's,47.5649,-52.7093,2.76,79,75,4.63,CA,1700582162
104,hadibu,12.65,54.0333,27.19,78,59,4.83,YE,1700582274
105,broken hill,-31.95,141.4333,19.96,37,97,7.35,AU,1700582274
106,elizabeth city,36.2946,-76.2511,18.36,74,100,1.79,US,1700582274
107,praia da vitoria,38.7333,-27.0667,21.14,88,20,10.55,PT,1700582274
108,college,64.8569,-147.8028,-21.96,95,6,1.8,US,1700582274
109,lebu,-37.6167,-73.65,14.17,61,73,3.59,CL,1700582274
110,mashhad,36.297,59.6062,17.08,51,40,3.09,IR,1700582053
111,klyuchi,52.2667,79.1667,-8.14,78,13,4.38,RU,1700582274
112,laguna,38.421,-121.4238,11.71,92,0,0.0,US,1700582274
113,puerto leguizamo,-0.1934,-74.7819,32.85,51,96,2.76,CO,1700582275
114,the pas,53.8251,-101.2541,-6.99,58,100,7.72,CA,1700582275
115,tutoia,-2.7619,-42.2744,30.94,58,30,6.75,BR,1700582275
116,ocean shores,46.9737,-124.1563,11.68,85,100,3.13,US,1700582275
117,codrington,-38.2667,141.9667,13.48,77,60,5.55,AU,1700582275
118,howard springs,-12.497,131.047,28.95,87,19,1.23,AU,1700582275
119,la passe,45.5549,-0.8967,13.13,82,52,6.02,FR,1700582275
120,muntok,-2.0667,105.1833,27.29,78,57,1.34,ID,1700582275
121,hasaki,35.7333,140.8333,8.22,72,98,5.37,JP,1700582276
122,tolanaro,-25.0319,46.9987,27.04,78,20,12.86,MG,1700582276
123,trincomalee,8.5711,81.2335,27.28,85,100,3.38,LK,1700582276
124,ust-nera,64.5667,143.2,-32.67,95,97,0.54,RU,1700582276
125,umm al quwain city,25.5647,55.5552,29.01,60,1,2.51,AE,1700582276
126,tamandare,-8.7597,-35.1047,28.94,61,39,5.71,BR,1700582276
127,tsiombe,-25.3,45.4833,24.87,75,0,7.31,MG,1700582276
128,mugia,43.1041,-9.2179,14.95,67,77,9.71,ES,1700582276
129,galliano,29.4422,-90.2992,22.0,83,100,3.6,US,1700582277
130,sovetskiy,61.3614,63.5842,-7.84,95,100,4.02,RU,1700582091
131,sferracavallo,42.726,12.0956,15.42,91,100,2.35,IT,1700582277
132,shar,49.5886,81.0453,-7.69,83,8,1.92,KZ,1700582277
133,bestobe,52.4994,73.0975,-5.86,69,44,9.23,KZ,1700582277
134,stanley,54.868,-1.6985,7.1,88,20,2.06,GB,1700582030
135,kapuskasing,49.4169,-82.4331,-3.95,68,100,4.63,CA,1700582277
136,nizhnyaya tavda,57.6731,66.1725,-5.03,73,100,6.5,RU,1700582277
137,beryslav,46.8415,33.4284,2.36,66,60,1.83,UA,1700582277
138,mareeba,-17.0,145.4333,22.47,93,57,1.07,AU,1700582277
139,nar'yan-mar,67.6713,53.087,-21.82,100,92,1.65,RU,1700582007
140,fomboni,-12.28,43.7425,28.18,80,8,4.34,KM,1700582278
141,kargasok,59.0556,80.8572,-10.58,91,100,2.68,RU,1700582278
142,puerto deseado,-47.7503,-65.8938,14.4,36,16,6.18,AR,1700582278
143,isiro,2.7739,27.616,21.34,99,97,0.86,CD,1700582278
144,dzhangala,49.2167,50.3333,5.18,93,100,6.2,KZ,1700582278
145,uribia,11.7139,-72.266,30.91,60,45,2.4,CO,1700582278
146,kuanda,56.3161,116.0806,-20.24,85,75,0.68,RU,1700582278
147,amahai,-3.3333,128.9167,26.7,88,100,1.64,ID,1700582278
148,avarua,-21.2078,-159.775,23.03,78,20,5.66,CK,1700582278
149,riyadh,24.6877,46.7219,23.08,49,63,5.73,SA,1700581626
150,greenville,35.6127,-77.3663,18.41,80,100,3.09,US,1700581810
151,selfoss,63.9331,-20.9971,3.36,70,91,14.24,IS,1700582279
152,keflavik,64.0049,-22.5624,5.24,65,75,16.46,IS,1700582279
153,sinabang,2.4803,96.3801,25.2,88,100,1.06,ID,1700582279
154,walvis bay,-22.9575,14.5053,27.53,50,0,8.75,NA,1700582279
155,zomba,-15.386,35.3188,21.19,85,87,4.14,MW,1700582279
156,qacha's nek,-30.1154,28.6894,20.97,43,100,2.45,LS,1700582279
157,masaka,-0.3338,31.7341,19.92,88,91,2.34,UG,1700582279
158,mahina,-17.5065,-149.489,23.87,88,75,2.57,PF,1700582279
159,namie,37.4833,141.0,4.75,69,0,2.27,JP,1700582280
160,new norfolk,-42.7826,147.0587,13.72,97,4,1.16,AU,1700582280
161,omaruru,-21.4333,15.9333,32.29,17,40,9.24,NA,1700582280
162,khandyga,62.6667,135.6,-18.13,96,100,2.87,RU,1700582280
163,xilin hot,43.9667,116.0333,-2.74,92,100,1.06,CN,1700582280
164,margate,51.3813,1.3862,10.5,83,99,1.34,GB,1700582278
165,ostersund,63.1792,14.6357,-6.75,93,0,3.09,SE,1700582267
166,thunder bay,48.4001,-89.3168,1.99,93,100,1.54,CA,1700582280
167,bloomington,44.8408,-93.2983,4.92,83,100,7.2,US,1700582280
168,queenstown,-31.8976,26.8753,29.65,23,83,8.99,ZA,1700582281
169,mazamari,-11.3258,-74.5308,22.35,100,100,0.4,PE,1700582281
170,pama,11.2497,0.7075,37.4,13,38,2.37,BF,1700582281
171,puerto ayora,-0.7393,-90.3518,26.98,88,100,3.13,EC,1700582281
172,sao joao do piaui,-8.3581,-42.2467,31.16,51,57,2.64,BR,1700582281
173,itabera,-23.8619,-49.1372,31.52,45,61,3.5,BR,1700582281
174,calbuco,-41.768,-73.1273,12.68,58,64,1.05,CL,1700582281
175,hanzhong,33.0728,107.0303,13.08,71,100,0.81,CN,1700582281
176,west island,-12.1568,96.8225,26.99,74,75,4.63,CC,1700582281
177,brookings,44.3114,-96.7984,-1.01,70,29,5.81,US,1700582282
178,mitu,1.1983,-70.1733,34.08,47,91,1.62,CO,1700582282
179,benghazi,32.1167,20.0667,20.74,62,100,6.33,LY,1700582252
180,la ronge,55.1001,-105.2842,-8.86,62,75,2.57,CA,1700582282
181,salalah,17.0151,54.0924,26.27,73,60,2.29,OM,1700582042
182,kuqa,41.7278,82.9364,4.25,46,0,1.08,CN,1700582282
183,labytnangi,66.6572,66.4183,-23.99,97,22,1.51,RU,1700582282
184,praya,14.9215,-23.5087,28.3,65,75,4.12,CV,1700582282
185,oswego,43.4501,-76.1497,1.86,72,100,6.75,US,1700582282
186,usinsk,65.9939,57.5281,-16.07,99,91,1.79,RU,1700582283
187,hafar al-batin,28.4328,45.9708,20.32,52,0,3.09,SA,1700582283
188,kashiwazaki,37.3667,138.55,9.78,73,0,1.82,JP,1700582283
189,la paz,-16.5,-68.15,15.99,41,40,2.57,BO,1700582057
190,porto novo,6.4965,2.6036,30.9,69,87,4.62,BJ,1700582283
191,san pedro pochutla,15.7333,-96.4667,29.68,65,15,0.86,MX,1700582283
192,porto barra do ivinheima,-22.9667,-53.6667,35.17,37,94,4.56,BR,1700582283
193,gadzhiyevo,69.2551,33.3362,-12.47,98,88,4.5,RU,1700582283
194,jodhpur,26.2867,73.03,21.68,20,1,3.86,IN,1700582283
195,raeren,50.6677,6.1168,9.02,91,98,1.43,BE,1700582284
196,mahibadhoo,3.7833,72.9667,27.96,75,100,1.22,MV,1700582284
197,el calafate,-50.3408,-72.2768,9.35,54,32,7.83,AR,1700582284
198,nuuk,64.1835,-51.7216,-1.18,80,100,4.92,GL,1700582284
199,atafu village,-8.5421,-172.5159,29.0,74,83,6.71,TK,1700582284
200,tura,25.5198,90.2201,18.42,79,1,0.67,IN,1700582284
201,cabanas,22.9758,-82.9219,27.42,63,3,5.22,CU,1700582284
202,nagqu,31.5,92.0,-5.71,39,90,2.03,CN,1700582284
203,qa'en,33.7265,59.1844,17.32,39,14,10.17,IR,1700582284
204,micheweni,-4.9667,39.8333,26.72,83,44,3.51,TZ,1700582285
205,east london,-33.0153,27.9116,21.52,83,75,2.57,ZA,1700582285
206,chifeng,42.2683,118.9636,-0.9,89,64,0.95,CN,1700582285
207,ancud,-41.8697,-73.8203,11.26,60,78,3.77,CL,1700582285
208,vorgashor,67.5833,63.95,-21.67,100,98,2.43,RU,1700582285
209,tabou,4.423,-7.3528,28.7,72,89,4.09,CI,1700582285
210,upata,8.0086,-62.3989,31.22,49,93,1.32,VE,1700582285
211,ewo,-0.8725,14.8206,24.88,86,100,2.0,CG,1700582285
212,luanda,-8.8368,13.2343,25.0,83,75,2.57,AO,1700581884
213,siem reap,13.5,104.0,23.34,82,99,1.41,KH,1700582285
214,lazaro cardenas,17.9583,-102.2,28.17,72,89,0.71,MX,1700582286
215,smithers,54.7804,-127.1743,3.18,87,75,3.09,CA,1700582286
216,nadym,65.5333,72.5167,-23.89,100,19,1.89,RU,1700582286
217,sao joao da barra,-21.6403,-41.0511,30.05,79,60,4.18,BR,1700582194
218,bilibino,68.0546,166.4372,-18.47,97,100,3.64,RU,1700582286
219,gurupi,-11.7292,-49.0686,32.33,49,98,2.58,BR,1700582286
220,porto velho,-8.7619,-63.9039,31.03,62,20,2.06,BR,1700582159
221,fuerte olimpo,-21.0415,-57.8738,34.44,39,91,4.79,PY,1700582287
222,port lincoln,-34.7333,135.8667,14.26,83,21,7.42,AU,1700582287
223,levuka,50.1834,-105.4011,-5.15,80,75,3.09,CA,1700582287
224,massaguet,12.4755,15.4365,30.85,19,100,2.99,TD,1700582287
225,lihue,21.9789,-159.3672,21.77,85,100,6.17,US,1700582287
226,manokwari,-0.8667,134.0833,27.19,77,33,1.78,ID,1700582287
227,coquimbo,-29.9533,-71.3436,15.85,77,100,4.63,CL,1700582253
228,soderhamn,61.3037,17.0592,-2.8,93,72,1.48,SE,1700582287
229,sanming,26.2486,117.6186,13.24,71,0,0.72,CN,1700582154
230,spasskoye,44.6108,132.7969,-1.45,96,100,0.38,RU,1700582288
231,saldanha,-33.0117,17.9442,23.03,68,18,4.9,ZA,1700582288
232,kuala belait,4.5833,114.1833,27.09,87,100,1.48,BN,1700582288
233,kerikeri,-35.2268,173.9474,15.51,89,100,1.82,NZ,1700582288
234,isangel,-19.55,169.2667,22.35,87,67,4.51,VU,1700582288
235,tamiahua,21.2667,-97.45,23.67,54,100,8.91,MX,1700582288
236,minas de marcona,-15.2119,-75.1103,20.81,56,76,3.88,PE,1700582288
237,muang xay,20.7,101.9833,16.7,88,7,0.55,LA,1700582288
238,mariel,22.9875,-82.7536,27.14,63,0,5.83,CU,1700582288
239,yesan,36.6776,126.8427,5.71,71,0,0.94,KR,1700582288
240,aykhal,66.0,111.5,-29.23,100,94,1.81,RU,1700582289
241,seydi,39.4816,62.9137,18.35,59,56,1.7,TM,1700582289
242,enewetak,11.3474,162.3373,27.95,79,30,10.29,MH,1700582289
243,namibe,-15.1961,12.1522,24.58,68,98,4.54,AO,1700582289
244,prymors'k,46.7348,36.3443,1.56,69,14,3.33,UA,1700582289
245,claveria,18.6074,121.0832,24.06,85,100,5.38,PH,1700582289
246,pasni,25.2631,63.471,24.69,66,38,1.8,PK,1700582289
247,chake chake,-5.2459,39.7666,26.05,84,65,2.81,TZ,1700582289
248,navrongo,10.8956,-1.0921,37.17,14,64,2.41,GH,1700582253
249,hami,42.8,93.45,1.27,46,0,1.8,CN,1700582290
250,otjimbingwe,-22.35,16.1333,34.25,16,99,8.41,NA,1700582290
251,shingu,33.7333,135.9833,10.81,88,0,2.08,JP,1700582290
252,puerto baquerizo moreno,-0.9,-89.6,25.55,78,40,2.06,EC,1700582290
253,parauapebas,-6.0675,-49.9022,28.99,73,40,2.57,BR,1700582290
254,isafjordur,66.0755,-23.124,4.02,60,75,11.83,IS,1700582290
255,san salvador de jujuy,-24.1946,-65.2971,29.74,42,100,3.55,AR,1700582160
256,newman,37.3138,-121.0208,10.52,63,41,0.96,US,1700582290
257,mata-utu,-13.2816,-176.1745,28.11,73,96,7.02,WF,1700582290
258,nuku'alofa,-21.1333,-175.2,23.19,94,40,3.09,TO,1700582290
259,gokwe,-18.2048,28.9349,26.8,42,84,5.13,ZW,1700582291
260,gornyatskiy,48.2915,40.9575,-3.87,79,100,7.38,RU,1700582291
261,ronne,55.1009,14.7066,3.95,56,75,4.63,DK,1700582291
262,pionerskiy,54.9508,20.2275,-1.03,63,11,7.82,RU,1700582291
263,asau,46.4333,26.4,7.51,91,59,1.21,RO,1700582291
264,saint-pierre,-21.3393,55.4781,25.82,89,75,9.26,RE,1700582291
265,zouerate,22.7187,-12.4521,30.56,9,85,5.89,MR,1700582291
266,orange,33.7,-117.7675,21.76,28,0,5.81,US,1700582291
267,mount gambier,-37.8333,140.7667,12.21,83,85,3.77,AU,1700582292
268,tazovsky,67.4667,78.7,-28.72,100,38,1.69,RU,1700582134
269,vila velha,-20.3297,-40.2925,29.97,70,40,3.09,BR,1700582292
270,awjilah,29.1081,21.2869,20.19,43,1,2.83,LY,1700582292
271,bilthra,26.1231,83.8689,20.85,34,0,3.02,IN,1700582292
272,inhambane,-23.865,35.3833,30.0,84,40,7.2,MZ,1700582292
273,ngurore,9.2833,12.2333,35.03,18,100,0.75,NG,1700582292
274,kangding,30.0513,101.9603,8.16,92,100,1.41,CN,1700582292
275,charlottetown,46.2352,-63.1267,2.16,81,75,4.12,CA,1700582292
276,yung shue wan,22.2333,114.1167,21.68,75,3,5.78,HK,1700582293
277,pisco,-13.7,-76.2167,23.9,78,0,4.12,PE,1700582293
278,bonthe,7.5264,-12.505,31.21,59,95,2.42,SL,1700582293
279,middelkerke,51.1558,2.8418,11.67,87,40,3.09,BE,1700582293
280,fallon,39.4735,-118.7774,3.31,42,6,0.98,US,1700582293
281,usogorsk,63.4106,48.6872,-14.63,97,67,2.16,RU,1700582293
282,fale old settlement,-9.3852,-171.2468,28.67,75,13,8.02,TK,1700582293
283,gouyave,12.1646,-61.7296,30.43,74,40,0.0,GD,1700582293
284,al kharijah,25.4514,30.5464,20.21,39,63,4.09,EG,1700582293
285,hithadhoo,-0.6,73.0833,27.99,74,19,5.59,MV,1700582294
286,port macquarie,-31.4333,152.9167,18.27,93,74,4.7,AU,1700582294
287,olyokminsk,60.3736,120.4264,-17.23,86,100,3.68,RU,1700582294
288,anloga,5.7947,0.8973,29.08,73,65,5.9,GH,1700582294
289,gorontalo,0.5412,123.0595,24.85,90,54,1.09,ID,1700582043
290,juneau,58.3019,-134.4197,3.0,87,100,9.26,US,1700582294
291,mossel bay,-34.1831,22.146,21.96,71,34,3.57,ZA,1700582199
292,cockburn town,21.4612,-71.1419,27.98,65,40,7.72,TC,1700582294
293,poronaysk,49.2167,143.1167,0.37,80,24,2.8,RU,1700582294
294,vylkove,45.4021,29.586,9.26,74,87,1.34,UA,1700582295
295,ankazoabo,-22.2833,44.5167,30.57,39,88,5.82,MG,1700582295
296,vila franca do campo,37.7167,-25.4333,21.6,99,46,8.23,PT,1700582295
297,lodwar,3.1191,35.5973,31.55,40,52,6.38,KE,1700582295
298,tual,-5.6667,132.75,28.3,81,100,6.12,ID,1700582295
299,lufkin,31.3382,-94.7291,13.04,74,100,5.89,US,1700582295
300,boa vista,2.8197,-60.6733,32.99,52,40,3.09,BR,1700582132
301,neon karlovasion,37.7903,26.7044,20.5,76,100,6.02,GR,1700582295
302,urmary,55.6789,47.944,-3.66,95,100,5.14,RU,1700582295
303,riverside,33.7333,-116.0508,17.0,27,0,3.25,US,1700582296
304,luderitz,-26.6481,15.1594,20.13,78,33,4.4,NA,1700582296
305,priyutnoye,46.1011,43.5072,1.41,64,100,10.87,RU,1700582296
306,darwin,-12.4611,130.8418,28.99,77,40,1.54,AU,1700582296
307,cam ranh,11.9214,109.1591,25.98,78,40,4.63,VN,1700582296
308,hailey,43.5196,-114.3153,-3.16,50,39,1.03,US,1700582296
309,lerwick,60.1545,-1.1494,9.0,81,100,10.84,GB,1700582296
310,santa elena de uairen,4.6167,-61.1333,27.77,55,97,2.44,VE,1700582296
311,krasnyy yar,46.5331,48.3456,1.64,94,100,11.75,RU,1700582297
312,fortaleza,-3.7227,-38.5247,32.07,69,40,10.29,BR,1700582020
313,covington,39.0837,-84.5086,11.07,90,100,5.36,US,1700582297
314,mahur,25.1667,93.1167,15.17,95,16,0.45,IN,1700582297
315,arteche,12.2645,125.4048,24.21,94,100,3.36,PH,1700582297
316,sanchor,24.7553,71.7722,24.71,33,2,3.78,IN,1700582297
317,ambo,-10.1308,-76.2047,22.38,64,100,2.96,PE,1700582297
318,mermoz boabab,14.7065,-17.4758,33.31,70,0,6.17,SN,1700582297
319,weno,7.4515,151.8468,28.69,75,19,6.41,FM,1700582297
320,guerrero negro,27.9769,-114.0611,20.22,51,0,4.54,MX,1700582297
321,sao raimundo das mangabeiras,-7.0219,-45.4811,36.61,31,88,3.16,BR,1700582298
322,ishigaki,24.3448,124.1572,22.07,68,75,4.63,JP,1700582298
323,svetlyy,54.675,20.1347,-0.91,68,26,4.82,RU,1700582298
324,el bolson,-41.9667,-71.5167,9.38,85,63,3.19,AR,1700582298
325,lompoc,34.6391,-120.4579,14.21,38,1,1.4,US,1700582298
326,malango,-2.9627,119.9001,19.86,97,28,1.12,ID,1700582298
327,kirakira,-10.4544,161.9205,26.81,84,70,4.23,SB,1700582298
328,teknaf,20.8624,92.3058,24.58,85,96,3.21,BD,1700582299
329,zhangzhou,24.5133,117.6556,17.96,94,0,0.8,CN,1700582299
330,badger,64.8,-147.5333,-22.01,95,19,1.85,US,1700582299
331,guarapari,-20.6667,-40.4975,29.94,69,81,2.41,BR,1700582299
332,zarasai,55.7333,26.25,-4.96,77,17,1.67,LT,1700582299
333,nova vicosa,-17.8919,-39.3719,29.04,58,95,6.28,BR,1700582299
334,henderson,36.0397,-114.9819,12.35,36,0,4.12,US,1700582285
335,iquique,-20.2208,-70.1431,21.02,63,27,2.98,CL,1700582056
336,port shepstone,-30.7414,30.455,23.94,78,71,1.17,ZA,1700582299
337,gaspe,48.8334,-64.4819,1.12,64,20,3.09,CA,1700582299
338,la sarre,48.8002,-79.1996,-3.48,69,100,4.85,CA,1700582300
339,faya-largeau,17.9257,19.1043,29.94,20,0,6.17,TD,1700582300
340,harper,4.375,-7.7169,28.69,73,76,4.45,LR,1700582300
341,fort dodge,42.4975,-94.168,3.9,75,75,4.12,US,1700582300
342,juan l. lacaze,-34.4333,-57.4167,26.07,61,83,3.21,UY,1700582300
343,hangu,39.2489,117.7892,6.02,73,47,2.51,CN,1700582300
344,phan thiet,10.9333,108.1,25.42,80,93,1.49,VN,1700582300
345,mwene-ditu,-7.0,23.45,23.27,91,86,1.14,CD,1700582300
346,keetmanshoop,-26.5833,18.1333,35.51,12,0,6.69,NA,1700582300
347,zag,46.9441,99.165,-16.45,75,9,3.74,MN,1700582301
348,bubaque,11.2833,-15.8333,28.8,70,34,6.14,GW,1700582301
349,chadron,42.8294,-102.9999,4.34,51,6,4.87,US,1700582301
350,tucurui,-3.7661,-49.6725,35.3,41,63,1.22,BR,1700582301
351,vyerkhnyadzvinsk,55.7815,27.9443,-5.21,81,85,2.29,BY,1700582301
352,xuanzhou,30.9525,118.7553,13.65,62,0,1.98,CN,1700582301
353,bechar,31.6167,-2.2167,24.18,11,75,2.57,DZ,1700582301
354,grand falls-windsor,48.9332,-55.6649,0.84,63,13,0.45,CA,1700582301
355,chui,-33.6971,-53.4616,28.67,54,37,3.03,UY,1700582301
356,ares,-6.1944,-35.1603,30.05,55,42,7.01,BR,1700582302
357,changyon,38.2508,125.0961,6.62,92,18,2.41,KP,1700582302
358,likiep,9.8251,169.3107,27.35,77,90,7.93,MH,1700582302
359,mana,5.6592,-53.7767,29.99,67,24,4.24,GF,1700582302
360,businga,3.3333,20.8833,24.83,87,85,0.63,CD,1700582302
361,kyakhta,50.3508,106.4494,-10.05,77,100,7.93,RU,1700582302
362,vernon,50.2581,-119.2691,2.34,79,100,2.57,CA,1700582302
363,tonota,-21.4833,27.4833,32.57,26,76,1.2,BW,1700582164
364,akwatia,6.0402,-0.8088,32.87,47,99,1.7,GH,1700582303
365,egilsstadir,65.2653,-14.3948,9.95,66,75,13.38,IS,1700582303
366,tadjourah,12.0,42.5,26.58,65,45,4.99,DJ,1700582303
367,parang,7.3704,124.2697,24.45,93,81,1.35,PH,1700582303
368,apolinario saravia,-24.4328,-63.9954,36.07,38,74,5.67,AR,1700582303
369,taoudenni,22.6783,-3.9836,30.88,11,80,4.77,ML,1700582303
370,hede,33.7681,120.2517,11.63,70,0,3.24,CN,1700582304
371,sinjai,-5.1241,120.253,26.0,77,47,1.78,ID,1700582304
372,ambodifotatra,-16.9833,49.85,27.03,74,20,3.09,MG,1700582304
373,acapulco de juarez,16.8634,-99.8901,28.71,75,31,0.77,MX,1700582304
374,ar ruways,24.1103,52.7306,27.58,64,3,4.02,AE,1700582304
375,richards bay,-28.783,32.0377,23.48,82,98,7.0,ZA,1700582304
376,sant lluis,39.8526,4.2594,16.22,63,20,3.6,ES,1700582304
377,stanthorpe,-28.6667,151.95,16.9,97,100,1.69,AU,1700582304
378,san jose del guaviare,2.5729,-72.6459,31.19,62,100,2.49,CO,1700582304
379,puerto armuelles,8.2833,-82.8667,27.99,82,97,3.13,PA,1700582305
380,ilhabela,-23.7781,-45.3581,26.12,82,75,3.1,BR,1700582305
381,port alfred,-33.5906,26.891,20.66,85,84,1.34,ZA,1700582305
382,trat,12.5,102.5,22.95,84,61,2.41,TH,1700582305
383,barmer,25.75,71.3833,22.64,20,4,3.45,IN,1700582305
384,sabang,5.8933,95.3214,27.06,79,98,2.87,ID,1700582305
385,anadyr,64.75,177.4833,2.28,100,100,14.0,RU,1700582305
386,banda aceh,5.5577,95.3222,26.2,85,94,3.03,ID,1700582305
387,ouesso,1.6136,16.0517,25.69,80,100,0.41,CG,1700582305
388,makubetsu,45.3714,141.8211,8.79,68,7,4.47,JP,1700582305
389,boguchany,58.3814,97.4531,-17.3,79,88,4.92,RU,1700582306
390,rafsanjan,30.4067,55.9939,16.86,52,9,9.98,IR,1700582306
391,ruayer,43.0537,-5.5502,8.83,95,99,4.47,ES,1700582306
392,penne,42.4538,13.9299,14.32,95,100,1.15,IT,1700582306
393,nogliki,51.8333,143.1667,-1.48,78,100,6.26,RU,1700582306
394,bagan,54.1001,77.6646,-9.47,85,24,5.48,RU,1700582306
395,kuusamo,65.9667,29.1833,-18.98,84,20,1.03,FI,1700582306
396,mulayjah,27.271,48.4242,22.22,52,0,4.2,SA,1700582306
397,dolores,-36.3132,-57.6792,27.15,19,100,2.75,AR,1700582307
398,nemuro,43.3236,145.575,8.99,74,12,8.74,JP,1700582307
399,podgornoye,51.735,39.1496,-5.97,86,100,7.0,RU,1700582307
400,sinop,41.7711,34.8709,5.65,77,19,3.86,TR,1700582307
401,eyl,7.9803,49.8164,27.34,76,15,7.22,SO,1700582307
402,point fortin,10.1833,-61.6833,29.56,66,19,2.22,TT,1700582307
403,brownwood,31.7093,-98.9912,11.62,63,100,6.69,US,1700582307
404,isola di capo rizzuto,38.96,17.0933,20.1,82,94,7.97,IT,1700582307
405,aasiaat,68.7098,-52.8699,-3.91,72,93,10.06,GL,1700582307
406,puerto santa,-8.9906,-78.6456,21.43,81,100,4.44,PE,1700582307
407,qarazhal,48.0078,70.7903,2.14,28,45,11.27,KZ,1700582308
408,puerto el triunfo,13.2833,-88.55,28.22,66,91,0.89,SV,1700582308
409,mohr,54.3528,9.7167,4.05,91,20,4.12,DE,1700582308
410,norman gardens,-23.3224,150.5393,23.29,88,100,2.06,AU,1700582308
411,sokoni,-6.4333,39.55,26.92,82,47,4.39,TZ,1700582308
412,nouadhibou,20.931,-17.0347,28.99,26,100,3.6,MR,1700582308
413,vilyuysk,63.7553,121.6247,-29.08,97,98,2.75,RU,1700582308
414,swift current,50.2834,-107.8014,-2.55,74,0,5.66,CA,1700582264
415,prince edward,44.0001,-77.2495,3.86,69,100,5.36,CA,1700582308
416,akjoujt,19.6969,-14.4164,35.52,9,99,5.9,MR,1700582308
417,polyarnyy,69.1989,33.4478,-12.29,98,83,4.63,RU,1700582309
418,crane,31.3974,-102.3501,11.05,51,60,8.49,US,1700582309
419,xiangcheng chengguanzhen,33.847,113.4778,15.01,68,97,3.04,CN,1700582309
420,akrehamn,59.2667,5.1833,5.79,81,75,4.12,NO,1700582309
421,durban,-29.8579,31.0292,28.51,68,77,4.9,ZA,1700581730
422,itacarambi,-15.1022,-44.0919,37.27,26,65,1.95,BR,1700582309
423,las tablas,7.7667,-80.2833,28.47,75,75,2.22,PA,1700582309
424,port saint john's,-31.6229,29.5448,24.14,72,98,4.06,ZA,1700582309
425,filiatra,37.15,21.5833,17.61,69,100,3.92,GR,1700582309
426,maues,-3.3836,-57.7186,35.34,41,83,1.36,BR,1700582310
427,singkil,-7.9855,111.4161,26.37,79,96,1.72,ID,1700582310
428,strezhevoy,60.7333,77.5889,-12.24,97,100,2.24,RU,1700582310
429,laramie,41.3114,-105.5911,2.65,73,13,2.82,US,1700582310
430,hotan,37.0997,79.9269,6.7,21,0,1.05,CN,1700582310
431,tobelo,1.7284,128.0095,27.54,84,21,3.21,ID,1700582310
432,chonchi,-42.6128,-73.8092,13.95,52,86,1.99,CL,1700582310
433,nsanje,-16.92,35.262,26.81,72,57,3.09,MW,1700582310
434,kawambwa,-9.7915,29.0791,20.44,87,98,2.02,ZM,1700582310
435,san antonio de pale,-1.4014,5.6325,27.14,78,61,3.73,GQ,1700582310
436,holualoa,19.6228,-155.9522,20.99,77,2,1.34,US,1700582311
437,turkmenbasy,40.0222,52.9552,11.43,82,75,3.09,TM,1700582311
438,kayangel,8.0823,134.7173,29.02,78,54,4.54,PW,1700582311
439,lensk,60.7253,114.9278,-18.62,94,100,2.91,RU,1700582311
440,garissa,-0.4536,39.6401,27.43,77,66,3.03,KE,1700582311
441,pimentel,-6.8367,-79.9342,24.16,69,100,3.09,PE,1700582311
442,burutu,5.3509,5.5076,29.23,71,100,4.47,NG,1700582311
443,puerto quijarro,-17.7833,-57.7667,34.07,40,93,3.73,BO,1700582311
444,sarykemer,43.0,71.5,5.71,44,91,1.3,KZ,1700582311
445,portoferraio,42.8115,10.3146,16.65,79,100,10.51,IT,1700582311
446,oskaloosa,41.2964,-92.6444,5.99,87,100,5.14,US,1700582312
447,dhuusamarreeb,5.535,46.3861,28.95,51,41,4.08,SO,1700582312
448,nizhnevartovsk,60.9344,76.5531,-13.99,85,0,2.0,RU,1700582110
449,kutum,14.2,24.6667,23.49,24,100,3.34,SD,1700582312
450,wenshui,28.4506,106.5267,12.12,92,100,1.69,CN,1700582312
451,certaldo,43.547,11.0402,15.13,97,100,3.34,IT,1700582312
452,salekhard,66.53,66.6019,-25.97,100,45,0.89,RU,1700582077
453,sao luis,-2.5297,-44.3028,33.11,55,40,6.69,BR,1700582312
454,guangyuan,32.442,105.823,13.0,73,100,1.74,CN,1700582312
455,valdivia,-39.8142,-73.2459,15.05,52,24,3.17,CL,1700582038
456,lorengau,-2.0226,147.2712,27.32,84,20,3.32,PG,1700582313
457,kainantu,-6.2887,145.8655,15.05,94,100,0.71,PG,1700582313
458,bandon,51.7469,-8.7425,9.77,86,99,2.74,IE,1700582313
459,lata,40.1629,-8.3327,16.62,55,61,2.73,PT,1700582313
460,caleta de carquin,-11.0925,-77.6267,22.28,75,78,5.06,PE,1700582313
461,karratha,-20.7377,116.8463,28.85,59,53,6.95,AU,1700582313
462,bel ombre,-4.6167,55.4167,27.91,74,20,1.54,SC,1700582313
463,arraial do cabo,-22.9661,-42.0278,27.98,74,40,7.72,BR,1700582313
464,andkhoy,36.9529,65.1238,21.59,18,64,4.57,AF,1700582313
465,barabai,-2.5833,115.3833,24.78,92,99,0.58,ID,1700582314
466,san julian,21.0167,-102.1667,17.91,57,100,0.72,MX,1700582314
467,revda,56.801,59.9303,-4.21,87,100,5.45,RU,1700582053
468,dapa,9.7594,126.0531,27.36,80,100,0.65,PH,1700582314
469,callao,-12.0667,-77.15,23.16,68,75,4.63,PE,1700582044
470,mukalla,14.5425,49.1242,26.08,75,75,2.42,YE,1700582314
471,brandon,27.9378,-82.2859,27.84,72,40,5.66,US,1700582314
472,chester,40.1254,-75.8749,6.08,73,100,4.12,US,1700582285
473,mosjoen,65.836,13.1908,-3.94,85,0,2.06,NO,1700582314
474,taksimo,56.3444,114.8794,-19.92,86,79,0.99,RU,1700582315
475,playa del carmen,20.6274,-87.0799,29.38,80,16,2.33,MX,1700582095
476,qorovulbozor,39.5006,64.7936,15.84,36,95,5.89,UZ,1700582315
477,massawa,15.6097,39.45,28.94,75,83,4.21,ER,1700582315
478,butembo,0.15,29.2833,15.81,99,100,0.33,CD,1700582315
479,palestine,31.9216,35.2033,14.97,76,1,1.58,PS,1700582106
480,yasnyy,51.0333,59.8742,1.67,66,100,10.88,RU,1700582315
481,araripina,-7.5761,-40.4983,28.23,54,84,1.74,BR,1700582315
482,whangarei,-35.7317,174.3239,13.88,98,100,1.06,NZ,1700582315
483,vadso,70.0744,29.7487,-6.91,73,20,4.12,NO,1700582316
484,corinto,37.9407,22.9573,13.83,63,100,0.61,GR,1700582316
485,kashary,49.04,41.0056,-3.97,80,100,7.24,RU,1700582316
486,santana,-0.0583,-51.1817,34.1,55,40,5.66,BR,1700582316
487,praia,14.9215,-23.5087,28.3,65,75,4.12,CV,1700581883
488,dudinka,69.4058,86.1778,-24.66,97,99,5.6,RU,1700582316
489,bereznik,62.8551,42.7072,-14.19,98,80,1.07,RU,1700582316
490,lamu,-2.2717,40.902,26.91,80,88,2.95,KE,1700582316
491,goz beida,13.95,20.55,35.46,20,100,2.58,TD,1700582316
492,ouadda,8.0777,22.4007,24.11,55,95,2.15,CF,1700582316
493,pitimbu,-7.4706,-34.8086,29.33,65,20,6.85,BR,1700582317
494,almus,40.3758,36.9044,4.38,68,42,2.81,TR,1700582317
495,island harbour,50.724,-1.2758,11.23,85,100,3.58,GB,1700582317
496,souillac,-20.5167,57.5167,27.21,83,75,3.09,MU,1700582317
497,mwingi,-0.9344,38.0601,20.04,95,98,1.58,KE,1700582317
498,santana do matos,-5.9575,-36.6556,33.73,38,69,7.33,BR,1700582317
499,saint-joseph,-21.3667,55.6167,25.21,86,38,5.83,RE,1700582317
500,acajutla,13.5928,-89.8275,27.61,62,61,1.19,SV,1700582317
501,bathsheba,13.2167,-59.5167,30.34,70,20,7.2,BB,1700582317
502,tamanrasset,22.785,5.5228,22.95,11,0,6.69,DZ,1700582318
503,izhmorskiy,56.194,86.6414,-13.14,85,14,1.14,RU,1700582318
504,fortuna,40.5982,-124.1573,7.51,93,0,0.0,US,1700582318
505,keene,42.9337,-72.2781,2.31,66,76,0.45,US,1700582318
506,huaihua,27.5494,109.9592,15.45,78,41,0.74,CN,1700582105
507,santyoku,37.4406,129.1708,10.32,43,0,3.28,KR,1700582318
508,paracuru,-3.41,-39.0306,31.17,57,36,7.18,BR,1700582318
509,solnechnyy,50.7214,136.6319,-7.21,77,3,2.63,RU,1700582318
510,america dourada,-11.4553,-41.4361,32.7,32,40,4.13,BR,1700582318
511,labrador city,52.9463,-66.9114,-5.05,68,100,5.14,CA,1700582318
512,key west,24.5557,-81.7826,28.33,78,6,8.49,US,1700582319
513,camargo,27.6667,-105.1667,10.95,48,72,9.25,MX,1700582319
514,nadi,-17.8,177.4167,23.0,73,40,3.09,FJ,1700582319
515,muhammadabad,25.6333,83.75,20.7,37,0,2.92,IN,1700582319
516,zemio,5.0314,25.1361,23.16,91,97,1.68,CF,1700582319
517,krasnovishersk,60.4078,57.082,-6.94,92,100,2.91,RU,1700582319
518,farshut,26.0549,32.1633,20.0,36,27,0.67,EG,1700582319
519,kodiak,57.79,-152.4072,-0.37,60,99,1.91,US,1700582319
520,alice springs,-23.7,133.8833,24.75,53,100,2.57,AU,1700582319
521,chegdomyn,51.1167,133.0167,-10.65,98,93,0.91,RU,1700582320
522,murghob,38.1702,73.9667,-4.95,38,28,1.88,TJ,1700582320
523,ketchikan,55.3422,-131.6461,8.26,87,100,6.17,US,1700582320
524,nieuw amsterdam,5.8833,-55.0833,34.45,64,40,3.09,SR,1700582320
525,half moon bay,37.4636,-122.4286,13.51,65,91,0.45,US,1700582320
526,skidaway island,31.9349,-81.0471,21.06,95,75,3.6,US,1700582320
527,petite-ile,-21.35,55.5667,23.77,89,75,9.26,RE,1700582320
528,dadeldhura,29.2984,80.5806,7.81,76,0,1.65,NP,1700582320
529,mount pearl,47.5166,-52.7813,2.3,80,75,4.63,CA,1700582320
530,banff,51.1762,-115.5698,2.57,74,74,7.2,CA,1700582321
531,gulf shores,30.246,-87.7008,23.03,76,100,3.58,US,1700582321
532,wynyard,-41.0,145.7167,11.2,85,91,2.99,AU,1700582321
533,el granada,37.5027,-122.4694,13.94,64,0,2.57,US,1700582321
534,at taj,24.2049,23.2857,17.91,33,99,1.61,LY,1700582321
535,westport,41.1415,-73.3579,7.72,63,92,1.79,US,1700582321
536,juuka,63.2333,29.25,-11.86,96,16,1.71,FI,1700582321
537,birao,10.2849,22.7882,29.36,25,99,2.17,CF,1700582321
538,remire-montjoly,4.9167,-52.2667,33.02,55,40,4.12,GF,1700582321
539,post,33.1909,-101.3782,8.87,43,9,9.57,US,1700582322
540,bochum,51.4833,7.2167,9.09,77,100,0.45,DE,1700582230
541,hobyo,5.3505,48.5268,28.54,72,94,6.67,SO,1700582322
542,chinchilla,-26.75,150.6333,20.42,91,94,5.14,AU,1700582322
543,taman',45.2117,36.7161,6.35,66,82,3.17,RU,1700582267
544,suntar,62.1444,117.6319,-22.99,97,100,2.39,RU,1700582322
545,dalaba,10.7,-12.25,28.55,22,51,3.4,GN,1700582322
546,ternate,0.8,127.4,27.72,81,14,2.04,ID,1700582322
547,brazzaville,-4.2658,15.2832,26.2,78,20,1.54,CG,1700582322
548,toliara,-23.35,43.6667,27.07,72,82,5.77,MG,1700582323
549,valverde del camino,37.5751,-6.7543,17.83,40,0,4.95,ES,1700582323
550,mozarlandia,-14.7447,-50.5706,36.55,34,97,2.23,BR,1700582323
551,pacasmayo,-7.4006,-79.5714,22.53,75,97,5.17,PE,1700582323
552,peace river,56.2501,-117.286,-3.83,75,75,3.09,CA,1700582323
553,lively,46.4334,-81.1498,-4.49,40,100,3.43,CA,1700582323
554,taroa,8.7058,171.2275,27.65,77,80,8.63,MH,1700582323
